{
  "model_a": {
    "accuracy": 0.926829268292683,
    "macro_precision": 0.9315789473684211,
    "macro_recall": 0.9208754208754208,
    "macro_f1": 0.9253539253539254,
    "per_class": {
      "GOOD": {
        "precision": 1.0,
        "recall": 1.0,
        "f1": 1.0,
        "support": 12
      },
      "BAD": {
        "precision": 0.9,
        "recall": 0.8181818181818182,
        "f1": 0.8571428571428572,
        "support": 11
      },
      "UNCERTAIN": {
        "precision": 0.8947368421052632,
        "recall": 0.9444444444444444,
        "f1": 0.918918918918919,
        "support": 18
      }
    },
    "confusion_matrix": [
      [
        12,
        0,
        0
      ],
      [
        0,
        9,
        2
      ],
      [
        0,
        1,
        17
      ]
    ],
    "confusion_matrix_labels": [
      "GOOD",
      "BAD",
      "UNCERTAIN"
    ],
    "support": 41
  },
  "model_b": {
    "accuracy": 0.9984567901234568,
    "macro_f1": 0.9987483710740005,
    "per_class": {
      "ECG_GOOD": {
        "precision": 1.0,
        "recall": 1.0,
        "f1": 1.0,
        "support": 77
      },
      "ECG_BAD": {
        "precision": 0.9952830188679245,
        "recall": 1.0,
        "f1": 0.9976359338061466,
        "support": 211
      },
      "ECG_UNCERTAIN": {
        "precision": 1.0,
        "recall": 0.9972222222222222,
        "f1": 0.9986091794158554,
        "support": 360
      }
    },
    "confusion_matrix": [
      [
        77,
        0,
        0
      ],
      [
        0,
        211,
        0
      ],
      [
        0,
        1,
        359
      ]
    ],
    "confusion_matrix_labels": [
      "ECG_GOOD",
      "ECG_BAD",
      "ECG_UNCERTAIN"
    ],
    "prediction_available": false,
    "report_only": true
  },
  "model_c": {
    "accuracy": 0.6833333333333333,
    "macro_precision": 0.5625798212005109,
    "macro_recall": 0.4829545454545454,
    "macro_f1": 0.5106097233413913,
    "per_class": {
      "NORMAL": {
        "precision": 0.9655172413793104,
        "recall": 0.6363636363636364,
        "f1": 0.7671232876712328,
        "support": 44
      },
      "RHYTHM_SUSPECT": {
        "precision": 0.7222222222222222,
        "recall": 0.8125,
        "f1": 0.7647058823529411,
        "support": 16
      },
      "OTHER_OR_UNCERTAIN": {
        "precision": 0.0,
        "recall": 0.0,
        "f1": 0.0,
        "support": 0
      }
    },
    "confusion_matrix": [
      [
        28,
        5,
        11
      ],
      [
        1,
        13,
        2
      ],
      [
        0,
        0,
        0
      ]
    ],
    "confusion_matrix_labels": [
      "NORMAL",
      "RHYTHM_SUSPECT",
      "OTHER_OR_UNCERTAIN"
    ],
    "support": 60,
    "BEST_NORMAL_THRESHOLD": 0.42,
    "BEST_SUSPECT_THRESHOLD": 0.6,
    "RHYTHM_SUSPECT_RECALL": 0.8125,
    "SUSPECT_AS_NORMAL_RATE": 0.0625,
    "NORMAL_AS_SUSPECT_RATE": 0.11363636363636363,
    "OTHER_OR_UNCERTAIN_RATE": 0.21666666666666667,
    "evaluation_split": "device_test_after_s05_s06",
    "prediction_table_rows_total": 143,
    "evaluation_rows": 60
  },
  "model_d": {
    "accuracy": 0.9987333755541482,
    "macro_f1": 0.9974759415961507,
    "per_class": {
      "FINAL_NORMAL_CONFIDENT": {
        "precision": 1.0,
        "recall": 1.0,
        "f1": 1.0,
        "support": 40
      },
      "PPG_DEGRADED_ECG_OK": {
        "precision": 1.0,
        "recall": 1.0,
        "f1": 1.0,
        "support": 66
      },
      "ECG_DEGRADED_PPG_OK": {
        "precision": 1.0,
        "recall": 1.0,
        "f1": 1.0,
        "support": 20
      },
      "MOTION_DEGRADED": {
        "precision": 1.0,
        "recall": 1.0,
        "f1": 1.0,
        "support": 25
      },
      "CONTACT_BAD_RETEST": {
        "precision": 1.0,
        "recall": 0.9983007646559049,
        "f1": 0.9991496598639455,
        "support": 1177
      },
      "RECOVERY_WAIT": {
        "precision": 0.9523809523809523,
        "recall": 1.0,
        "f1": 0.975609756097561,
        "support": 40
      },
      "RHYTHM_SUSPECT_RETEST": {
        "precision": 1.0,
        "recall": 1.0,
        "f1": 1.0,
        "support": 40
      },
      "SENSOR_CONFLICT": {
        "precision": 1.0,
        "recall": 1.0,
        "f1": 1.0,
        "support": 77
      },
      "FINAL_UNCERTAIN": {
        "precision": 1.0,
        "recall": 1.0,
        "f1": 1.0,
        "support": 54
      },
      "MEASURE_FAILED": {
        "precision": 1.0,
        "recall": 1.0,
        "f1": 1.0,
        "support": 40
      }
    },
    "confusion_matrix": [
      [
        40,
        0,
        0,
        0,
        0,
        0,
        0,
        0,
        0,
        0
      ],
      [
        0,
        66,
        0,
        0,
        0,
        0,
        0,
        0,
        0,
        0
      ],
      [
        0,
        0,
        20,
        0,
        0,
        0,
        0,
        0,
        0,
        0
      ],
      [
        0,
        0,
        0,
        25,
        0,
        0,
        0,
        0,
        0,
        0
      ],
      [
        0,
        0,
        0,
        0,
        1175,
        2,
        0,
        0,
        0,
        0
      ],
      [
        0,
        0,
        0,
        0,
        0,
        40,
        0,
        0,
        0,
        0
      ],
      [
        0,
        0,
        0,
        0,
        0,
        0,
        40,
        0,
        0,
        0
      ],
      [
        0,
        0,
        0,
        0,
        0,
        0,
        0,
        77,
        0,
        0
      ],
      [
        0,
        0,
        0,
        0,
        0,
        0,
        0,
        0,
        54,
        0
      ],
      [
        0,
        0,
        0,
        0,
        0,
        0,
        0,
        0,
        0,
        40
      ]
    ],
    "confusion_matrix_labels": [
      "FINAL_NORMAL_CONFIDENT",
      "PPG_DEGRADED_ECG_OK",
      "ECG_DEGRADED_PPG_OK",
      "MOTION_DEGRADED",
      "CONTACT_BAD_RETEST",
      "RECOVERY_WAIT",
      "RHYTHM_SUSPECT_RETEST",
      "SENSOR_CONFLICT",
      "FINAL_UNCERTAIN",
      "MEASURE_FAILED"
    ],
    "high_risk_error_count": 0,
    "rhythm_suspect_retest_recall": 1.0,
    "contact_bad_retest_recall": 0.9983007646559049,
    "directly_uses_model_c_v0_4": true,
    "rule_fallback_enabled": true,
    "prediction_available": false,
    "report_only": true
  },
  "smoke": {
    "case_count": 10,
    "passed_cases": 10,
    "pass_rate": 1.0,
    "passed": true
  }
}
